image,image_id,split,source,od_x,od_y,fovea_x,fovea_y
C. Localization/C. Localization/1. Original Images/a. Training Set/IDRiD_001.jpg,IDRiD_001,train,idrid,2858,1805,1494,1970
C. Localization/C. Localization/1. Original Images/b. Testing Set/IDRiD_001.jpg,IDRiD_001,test,idrid,651,1453,1914,1617
C. Localization/C. Localization/1. Original Images/a. Training Set/IDRiD_002.jpg,IDRiD_002,train,idrid,943,1119,2270,1329
C. Localization/C. Localization/1. Original Images/b. Testing Set/IDRiD_002.jpg,IDRiD_002,test,idrid,3158,1280,1922,1468
C. Localization/C. Localization/1. Original Images/a. Training Set/IDRiD_003.jpg,IDRiD_003,train,idrid,779,1269,2109,1351
C. Localization/C. Localization/1. Original Images/b. Testing Set/IDRiD_003.jpg,IDRiD_003,test,idrid,1101,1374,2566,1591
C. Localization/C. Localization/1. Original Images/a. Training Set/IDRiD_004.jpg,IDRiD_004,train,idrid,1292,1284,2679,1453
C. Localization/C. Localization/1. Original Images/b. Testing Set/IDRiD_004.jpg,IDRiD_004,test,idrid,2881,1430,1562,1550
C. Localization/C. Localization/1. Original Images/a. Training Set/IDRiD_005.jpg,IDRiD_005,train,idrid,1037,1198,2244,1404
C. Localization/C. Localization/1. Original Images/b. Testing Set/IDRiD_005.jpg,IDRiD_005,test,idrid,2840,1175,1757,1310
C. Localization/C. Localization/1. Original Images/a. Training Set/IDRiD_006.jpg,IDRiD_006,train,idrid,602,1378,1944,1554
C. Localization/C. Localization/1. Original Images/b. Testing Set/IDRiD_006.jpg,IDRiD_006,test,idrid,2963,1501,1745,1580
C. Localization/C. Localization/1. Original Images/a. Training Set/IDRiD_007.jpg,IDRiD_007,train,idrid,3420,1411,2064,1359
C. Localization/C. Localization/1. Original Images/b. Testing Set/IDRiD_007.jpg,IDRiD_007,test,idrid,842,1374,2315,1505
C. Localization/C. Localization/1. Original Images/a. Training Set/IDRiD_008.jpg,IDRiD_008,train,idrid,943,857,2195,1314
C. Localization/C. Localization/1. Original Images/b. Testing Set/IDRiD_008.jpg,IDRiD_008,test,idrid,895,1299,2203,1483
C. Localization/C. Localization/1. Original Images/a. Training Set/IDRiD_009.jpg,IDRiD_009,train,idrid,3072,1160,1922,1396
C. Localization/C. Localization/1. Original Images/b. Testing Set/IDRiD_009.jpg,IDRiD_009,test,idrid,3241,1591,2011,1670
C. Localization/C. Localization/1. Original Images/a. Training Set/IDRiD_010.jpg,IDRiD_010,train,idrid,2484,1426,1210,1576
C. Localization/C. Localization/1. Original Images/b. Testing Set/IDRiD_010.jpg,IDRiD_010,test,idrid,2948,1655,1768,1771
C. Localization/C. Localization/1. Original Images/a. Training Set/IDRiD_011.jpg,IDRiD_011,train,idrid,1063,1329,2431,1498
C. Localization/C. Localization/1. Original Images/b. Testing Set/IDRiD_011.jpg,IDRiD_011,test,idrid,872,1385,2019,1629
C. Localization/C. Localization/1. Original Images/a. Training Set/IDRiD_012.jpg,IDRiD_012,train,idrid,1101,1276,2341,1573
C. Localization/C. Localization/1. Original Images/b. Testing Set/IDRiD_012.jpg,IDRiD_012,test,idrid,647,1149,1865,1449
C. Localization/C. Localization/1. Original Images/a. Training Set/IDRiD_013.jpg,IDRiD_013,train,idrid,2791,1434,1543,1513
C. Localization/C. Localization/1. Original Images/b. Testing Set/IDRiD_013.jpg,IDRiD_013,test,idrid,850,1224,2150,1389
C. Localization/C. Localization/1. Original Images/a. Training Set/IDRiD_014.jpg,IDRiD_014,train,idrid,3038,1730,1719,1820
C. Localization/C. Localization/1. Original Images/b. Testing Set/IDRiD_014.jpg,IDRiD_014,test,idrid,816,1636,2086,1917
C. Localization/C. Localization/1. Original Images/a. Training Set/IDRiD_015.jpg,IDRiD_015,train,idrid,962,1265,2023,1318
C. Localization/C. Localization/1. Original Images/b. Testing Set/IDRiD_015.jpg,IDRiD_015,test,idrid,3076,1483,1955,1576
C. Localization/C. Localization/1. Original Images/a. Training Set/IDRiD_016.jpg,IDRiD_016,train,idrid,940,1359,2233,1524
C. Localization/C. Localization/1. Original Images/b. Testing Set/IDRiD_016.jpg,IDRiD_016,test,idrid,3241,1325,1937,1288
C. Localization/C. Localization/1. Original Images/a. Training Set/IDRiD_017.jpg,IDRiD_017,train,idrid,3102,1479,1850,1516
C. Localization/C. Localization/1. Original Images/b. Testing Set/IDRiD_017.jpg,IDRiD_017,test,idrid,3286,1321,2026,1644
C. Localization/C. Localization/1. Original Images/a. Training Set/IDRiD_018.jpg,IDRiD_018,train,idrid,2836,1078,1521,1494
C. Localization/C. Localization/1. Original Images/b. Testing Set/IDRiD_018.jpg,IDRiD_018,test,idrid,520,1340,1704,1573
C. Localization/C. Localization/1. Original Images/a. Training Set/IDRiD_019.jpg,IDRiD_019,train,idrid,767,1265,1892,1625
C. Localization/C. Localization/1. Original Images/b. Testing Set/IDRiD_019.jpg,IDRiD_019,test,idrid,962,1303,2161,1621
C. Localization/C. Localization/1. Original Images/a. Training Set/IDRiD_020.jpg,IDRiD_020,train,idrid,3211,1381,1944,1318
C. Localization/C. Localization/1. Original Images/b. Testing Set/IDRiD_020.jpg,IDRiD_020,test,idrid,2933,1786,1723,1842
C. Localization/C. Localization/1. Original Images/a. Training Set/IDRiD_021.jpg,IDRiD_021,train,idrid,674,1153,1907,1348
C. Localization/C. Localization/1. Original Images/b. Testing Set/IDRiD_021.jpg,IDRiD_021,test,idrid,1018,1415,2011,1670
C. Localization/C. Localization/1. Original Images/a. Training Set/IDRiD_022.jpg,IDRiD_022,train,idrid,3244,1692,1813,1610
C. Localization/C. Localization/1. Original Images/b. Testing Set/IDRiD_022.jpg,IDRiD_022,test,idrid,3136,1325,2000,1385
C. Localization/C. Localization/1. Original Images/a. Training Set/IDRiD_023.jpg,IDRiD_023,train,idrid,3387,1479,1937,1569
C. Localization/C. Localization/1. Original Images/b. Testing Set/IDRiD_023.jpg,IDRiD_023,test,idrid,865,1059,2124,1359
C. Localization/C. Localization/1. Original Images/a. Training Set/IDRiD_024.jpg,IDRiD_024,train,idrid,846,1168,2154,1359
C. Localization/C. Localization/1. Original Images/b. Testing Set/IDRiD_024.jpg,IDRiD_024,test,idrid,902,1138,2266,1314
C. Localization/C. Localization/1. Original Images/a. Training Set/IDRiD_025.jpg,IDRiD_025,train,idrid,3192,1247,1820,1520
C. Localization/C. Localization/1. Original Images/b. Testing Set/IDRiD_025.jpg,IDRiD_025,test,idrid,2922,1479,1543,1573
C. Localization/C. Localization/1. Original Images/a. Training Set/IDRiD_026.jpg,IDRiD_026,train,idrid,947,1153,2188,1333
C. Localization/C. Localization/1. Original Images/b. Testing Set/IDRiD_026.jpg,IDRiD_026,test,idrid,962,1543,2367,1550
C. Localization/C. Localization/1. Original Images/a. Training Set/IDRiD_027.jpg,IDRiD_027,train,idrid,3334,1400,2026,1441
C. Localization/C. Localization/1. Original Images/b. Testing Set/IDRiD_027.jpg,IDRiD_027,test,idrid,3113,1370,1794,1419
C. Localization/C. Localization/1. Original Images/a. Training Set/IDRiD_028.jpg,IDRiD_028,train,idrid,640,1310,2060,1475
C. Localization/C. Localization/1. Original Images/b. Testing Set/IDRiD_028.jpg,IDRiD_028,test,idrid,2975,1359,1730,1393
C. Localization/C. Localization/1. Original Images/a. Training Set/IDRiD_029.jpg,IDRiD_029,train,idrid,3109,1681,1659,1820
C. Localization/C. Localization/1. Original Images/b. Testing Set/IDRiD_029.jpg,IDRiD_029,test,idrid,1030,1411,2397,1576
C. Localization/C. Localization/1. Original Images/a. Training Set/IDRiD_030.jpg,IDRiD_030,train,idrid,1011,1179,2341,1374
C. Localization/C. Localization/1. Original Images/b. Testing Set/IDRiD_030.jpg,IDRiD_030,test,idrid,1078,1404,2337,1588
C. Localization/C. Localization/1. Original Images/a. Training Set/IDRiD_031.jpg,IDRiD_031,train,idrid,2753,1554,1472,1749
C. Localization/C. Localization/1. Original Images/b. Testing Set/IDRiD_031.jpg,IDRiD_031,test,idrid,1045,1291,2367,1419
C. Localization/C. Localization/1. Original Images/a. Training Set/IDRiD_032.jpg,IDRiD_032,train,idrid,827,1284,2180,1202
C. Localization/C. Localization/1. Original Images/b. Testing Set/IDRiD_032.jpg,IDRiD_032,test,idrid,2941,1524,1502,1543
C. Localization/C. Localization/1. Original Images/a. Training Set/IDRiD_033.jpg,IDRiD_033,train,idrid,3248,1535,1903,1730
C. Localization/C. Localization/1. Original Images/b. Testing Set/IDRiD_033.jpg,IDRiD_033,test,idrid,659,1164,1933,1505
C. Localization/C. Localization/1. Original Images/a. Training Set/IDRiD_034.jpg,IDRiD_034,train,idrid,835,1119,2019,1295
C. Localization/C. Localization/1. Original Images/b. Testing Set/IDRiD_034.jpg,IDRiD_034,test,idrid,951,1044,2255,1153
C. Localization/C. Localization/1. Original Images/a. Training Set/IDRiD_035.jpg,IDRiD_035,train,idrid,3368,1749,1895,1775
C. Localization/C. Localization/1. Original Images/b. Testing Set/IDRiD_035.jpg,IDRiD_035,test,idrid,2847,1734,1532,1707
C. Localization/C. Localization/1. Original Images/a. Training Set/IDRiD_036.jpg,IDRiD_036,train,idrid,1018,1490,2435,1711
C. Localization/C. Localization/1. Original Images/b. Testing Set/IDRiD_036.jpg,IDRiD_036,test,idrid,3068,1573,1700,1644
C. Localization/C. Localization/1. Original Images/a. Training Set/IDRiD_037.jpg,IDRiD_037,train,idrid,2656,1498,1468,1655
C. Localization/C. Localization/1. Original Images/b. Testing Set/IDRiD_037.jpg,IDRiD_037,test,idrid,3312,1617,2105,1782
C. Localization/C. Localization/1. Original Images/a. Training Set/IDRiD_038.jpg,IDRiD_038,train,idrid,842,1333,2064,1329
C. Localization/C. Localization/1. Original Images/b. Testing Set/IDRiD_038.jpg,IDRiD_038,test,idrid,962,1434,2293,1535
C. Localization/C. Localization/1. Original Images/a. Training Set/IDRiD_039.jpg,IDRiD_039,train,idrid,3098,1273,1790,1475
C. Localization/C. Localization/1. Original Images/b. Testing Set/IDRiD_039.jpg,IDRiD_039,test,idrid,2858,1771,1494,1895
C. Localization/C. Localization/1. Original Images/a. Training Set/IDRiD_040.jpg,IDRiD_040,train,idrid,861,1258,2199,1344
C. Localization/C. Localization/1. Original Images/b. Testing Set/IDRiD_040.jpg,IDRiD_040,test,idrid,2847,1138,1502,1385
C. Localization/C. Localization/1. Original Images/a. Training Set/IDRiD_041.jpg,IDRiD_041,train,idrid,3252,1842,2000,1854
C. Localization/C. Localization/1. Original Images/b. Testing Set/IDRiD_041.jpg,IDRiD_041,test,idrid,1161,1505,2379,1629
C. Localization/C. Localization/1. Original Images/a. Training Set/IDRiD_042.jpg,IDRiD_042,train,idrid,857,977,1966,1243
C. Localization/C. Localization/1. Original Images/b. Testing Set/IDRiD_042.jpg,IDRiD_042,test,idrid,2922,1535,1708,1584
C. Localization/C. Localization/1. Original Images/a. Training Set/IDRiD_043.jpg,IDRiD_043,train,idrid,936,1213,2161,1441
C. Localization/C. Localization/1. Original Images/b. Testing Set/IDRiD_043.jpg,IDRiD_043,test,idrid,2667,1153,1322,1198
C. Localization/C. Localization/1. Original Images/a. Training Set/IDRiD_044.jpg,IDRiD_044,train,idrid,913,1172,2240,1217
C. Localization/C. Localization/1. Original Images/b. Testing Set/IDRiD_044.jpg,IDRiD_044,test,idrid,962,1097,2188,1321
C. Localization/C. Localization/1. Original Images/a. Training Set/IDRiD_045.jpg,IDRiD_045,train,idrid,771,1419,2049,1625
C. Localization/C. Localization/1. Original Images/b. Testing Set/IDRiD_045.jpg,IDRiD_045,test,idrid,846,1284,2154,1408
C. Localization/C. Localization/1. Original Images/a. Training Set/IDRiD_046.jpg,IDRiD_046,train,idrid,3259,1629,1944,1782
C. Localization/C. Localization/1. Original Images/b. Testing Set/IDRiD_046.jpg,IDRiD_046,test,idrid,3222,1340,1787,1396
C. Localization/C. Localization/1. Original Images/a. Training Set/IDRiD_047.jpg,IDRiD_047,train,idrid,3139,1854,1854,1880
C. Localization/C. Localization/1. Original Images/b. Testing Set/IDRiD_047.jpg,IDRiD_047,test,idrid,988,1168,2169,1411
C. Localization/C. Localization/1. Original Images/a. Training Set/IDRiD_048.jpg,IDRiD_048,train,idrid,884,1205,2161,1434
C. Localization/C. Localization/1. Original Images/b. Testing Set/IDRiD_048.jpg,IDRiD_048,test,idrid,966,1314,2214,1456
C. Localization/C. Localization/1. Original Images/a. Training Set/IDRiD_049.jpg,IDRiD_049,train,idrid,3331,1479,1963,1580
C. Localization/C. Localization/1. Original Images/b. Testing Set/IDRiD_049.jpg,IDRiD_049,test,idrid,3199,1644,1963,1617
C. Localization/C. Localization/1. Original Images/a. Training Set/IDRiD_050.jpg,IDRiD_050,train,idrid,932,1318,2289,1513
C. Localization/C. Localization/1. Original Images/b. Testing Set/IDRiD_050.jpg,IDRiD_050,test,idrid,760,1160,2015,1314
C. Localization/C. Localization/1. Original Images/a. Training Set/IDRiD_051.jpg,IDRiD_051,train,idrid,921,1325,2240,1501
C. Localization/C. Localization/1. Original Images/b. Testing Set/IDRiD_051.jpg,IDRiD_051,test,idrid,3087,1674,1775,1917
C. Localization/C. Localization/1. Original Images/a. Training Set/IDRiD_052.jpg,IDRiD_052,train,idrid,3229,1232,2004,1374
C. Localization/C. Localization/1. Original Images/b. Testing Set/IDRiD_052.jpg,IDRiD_052,test,idrid,884,1378,2120,1355
C. Localization/C. Localization/1. Original Images/a. Training Set/IDRiD_053.jpg,IDRiD_053,train,idrid,756,1194,2086,1348
C. Localization/C. Localization/1. Original Images/b. Testing Set/IDRiD_053.jpg,IDRiD_053,test,idrid,1007,1505,2337,1677
C. Localization/C. Localization/1. Original Images/a. Training Set/IDRiD_054.jpg,IDRiD_054,train,idrid,685,1209,2041,1310
C. Localization/C. Localization/1. Original Images/b. Testing Set/IDRiD_054.jpg,IDRiD_054,test,idrid,2851,1408,1521,1543
C. Localization/C. Localization/1. Original Images/a. Training Set/IDRiD_055.jpg,IDRiD_055,train,idrid,3166,1573,1948,1700
C. Localization/C. Localization/1. Original Images/b. Testing Set/IDRiD_055.jpg,IDRiD_055,test,idrid,647,1644,1940,1869
C. Localization/C. Localization/1. Original Images/a. Training Set/IDRiD_056.jpg,IDRiD_056,train,idrid,1120,1348,2371,1573
C. Localization/C. Localization/1. Original Images/b. Testing Set/IDRiD_056.jpg,IDRiD_056,test,idrid,2907,1333,1547,1543
C. Localization/C. Localization/1. Original Images/a. Training Set/IDRiD_057.jpg,IDRiD_057,train,idrid,3098,1423,1790,1595
C. Localization/C. Localization/1. Original Images/b. Testing Set/IDRiD_057.jpg,IDRiD_057,test,idrid,719,1381,2011,1359
C. Localization/C. Localization/1. Original Images/a. Training Set/IDRiD_058.jpg,IDRiD_058,train,idrid,1123,1299,2420,1460
C. Localization/C. Localization/1. Original Images/b. Testing Set/IDRiD_058.jpg,IDRiD_058,test,idrid,2810,1370,1644,1441
C. Localization/C. Localization/1. Original Images/a. Training Set/IDRiD_059.jpg,IDRiD_059,train,idrid,3076,1247,1753,1366
C. Localization/C. Localization/1. Original Images/b. Testing Set/IDRiD_059.jpg,IDRiD_059,test,idrid,854,1172,2060,1295
C. Localization/C. Localization/1. Original Images/a. Training Set/IDRiD_060.jpg,IDRiD_060,train,idrid,985,1441,2394,1591
C. Localization/C. Localization/1. Original Images/b. Testing Set/IDRiD_060.jpg,IDRiD_060,test,idrid,1153,1142,2491,1306
C. Localization/C. Localization/1. Original Images/a. Training Set/IDRiD_061.jpg,IDRiD_061,train,idrid,2825,1404,1536,1516
C. Localization/C. Localization/1. Original Images/b. Testing Set/IDRiD_061.jpg,IDRiD_061,test,idrid,3316,1576,2161,1812
C. Localization/C. Localization/1. Original Images/a. Training Set/IDRiD_062.jpg,IDRiD_062,train,idrid,2742,1505,1446,1588
C. Localization/C. Localization/1. Original Images/b. Testing Set/IDRiD_062.jpg,IDRiD_062,test,idrid,884,1198,2150,1258
C. Localization/C. Localization/1. Original Images/a. Training Set/IDRiD_063.jpg,IDRiD_063,train,idrid,726,1183,2083,1329
C. Localization/C. Localization/1. Original Images/b. Testing Set/IDRiD_063.jpg,IDRiD_063,test,idrid,2825,1479,1506,1554
C. Localization/C. Localization/1. Original Images/a. Training Set/IDRiD_064.jpg,IDRiD_064,train,idrid,2701,1224,1367,1460
C. Localization/C. Localization/1. Original Images/b. Testing Set/IDRiD_064.jpg,IDRiD_064,test,idrid,2750,1355,1468,1576
C. Localization/C. Localization/1. Original Images/a. Training Set/IDRiD_065.jpg,IDRiD_065,train,idrid,2941,1284,1539,1453
C. Localization/C. Localization/1. Original Images/b. Testing Set/IDRiD_065.jpg,IDRiD_065,test,idrid,2720,1385,1337,1629
C. Localization/C. Localization/1. Original Images/a. Training Set/IDRiD_066.jpg,IDRiD_066,train,idrid,3064,1363,1794,1494
C. Localization/C. Localization/1. Original Images/b. Testing Set/IDRiD_066.jpg,IDRiD_066,test,idrid,801,1374,2049,1509
C. Localization/C. Localization/1. Original Images/a. Training Set/IDRiD_067.jpg,IDRiD_067,train,idrid,2810,1464,1382,1183
C. Localization/C. Localization/1. Original Images/b. Testing Set/IDRiD_067.jpg,IDRiD_067,test,idrid,3166,1677,1757,1790
C. Localization/C. Localization/1. Original Images/a. Training Set/IDRiD_068.jpg,IDRiD_068,train,idrid,580,1426,1940,1647
C. Localization/C. Localization/1. Original Images/b. Testing Set/IDRiD_068.jpg,IDRiD_068,test,idrid,3301,1438,2116,1719
C. Localization/C. Localization/1. Original Images/a. Training Set/IDRiD_069.jpg,IDRiD_069,train,idrid,2652,1336,1446,1441
C. Localization/C. Localization/1. Original Images/b. Testing Set/IDRiD_069.jpg,IDRiD_069,test,idrid,977,1797,2259,1932
C. Localization/C. Localization/1. Original Images/a. Training Set/IDRiD_070.jpg,IDRiD_070,train,idrid,1060,1318,2323,1569
C. Localization/C. Localization/1. Original Images/b. Testing Set/IDRiD_070.jpg,IDRiD_070,test,idrid,2780,1475,1547,1558
C. Localization/C. Localization/1. Original Images/a. Training Set/IDRiD_071.jpg,IDRiD_071,train,idrid,2870,1351,1494,1524
C. Localization/C. Localization/1. Original Images/b. Testing Set/IDRiD_071.jpg,IDRiD_071,test,idrid,1337,1460,2604,1670
C. Localization/C. Localization/1. Original Images/a. Training Set/IDRiD_072.jpg,IDRiD_072,train,idrid,996,1269,2382,1576
C. Localization/C. Localization/1. Original Images/b. Testing Set/IDRiD_072.jpg,IDRiD_072,test,idrid,3098,1782,1817,1865
C. Localization/C. Localization/1. Original Images/a. Training Set/IDRiD_073.jpg,IDRiD_073,train,idrid,880,1314,2161,1531
C. Localization/C. Localization/1. Original Images/b. Testing Set/IDRiD_073.jpg,IDRiD_073,test,idrid,805,1509,2045,1561
C. Localization/C. Localization/1. Original Images/a. Training Set/IDRiD_074.jpg,IDRiD_074,train,idrid,2948,1539,1670,1595
C. Localization/C. Localization/1. Original Images/b. Testing Set/IDRiD_074.jpg,IDRiD_074,test,idrid,992,1610,2274,1696
C. Localization/C. Localization/1. Original Images/a. Training Set/IDRiD_075.jpg,IDRiD_075,train,idrid,925,1411,2184,1546
C. Localization/C. Localization/1. Original Images/b. Testing Set/IDRiD_075.jpg,IDRiD_075,test,idrid,1022,1408,2308,1505
C. Localization/C. Localization/1. Original Images/a. Training Set/IDRiD_076.jpg,IDRiD_076,train,idrid,3124,1318,1899,1479
C. Localization/C. Localization/1. Original Images/b. Testing Set/IDRiD_076.jpg,IDRiD_076,test,idrid,707,1423,2000,1591
C. Localization/C. Localization/1. Original Images/a. Training Set/IDRiD_077.jpg,IDRiD_077,train,idrid,921,1396,2180,1456
C. Localization/C. Localization/1. Original Images/b. Testing Set/IDRiD_077.jpg,IDRiD_077,test,idrid,2986,1644,1704,1550
C. Localization/C. Localization/1. Original Images/a. Training Set/IDRiD_078.jpg,IDRiD_078,train,idrid,2907,1539,1678,1670
C. Localization/C. Localization/1. Original Images/b. Testing Set/IDRiD_078.jpg,IDRiD_078,test,idrid,925,1509,2244,1666
C. Localization/C. Localization/1. Original Images/a. Training Set/IDRiD_079.jpg,IDRiD_079,train,idrid,692,1187,1993,1411
C. Localization/C. Localization/1. Original Images/b. Testing Set/IDRiD_079.jpg,IDRiD_079,test,idrid,932,1449,2367,1644
C. Localization/C. Localization/1. Original Images/a. Training Set/IDRiD_080.jpg,IDRiD_080,train,idrid,3188,1172,1940,1400
C. Localization/C. Localization/1. Original Images/b. Testing Set/IDRiD_080.jpg,IDRiD_080,test,idrid,977,1374,2367,1606
C. Localization/C. Localization/1. Original Images/a. Training Set/IDRiD_081.jpg,IDRiD_081,train,idrid,711,962,2158,711
C. Localization/C. Localization/1. Original Images/b. Testing Set/IDRiD_081.jpg,IDRiD_081,test,idrid,730,1228,1952,1363
C. Localization/C. Localization/1. Original Images/a. Training Set/IDRiD_082.jpg,IDRiD_082,train,idrid,2948,1404,1745,1494
C. Localization/C. Localization/1. Original Images/b. Testing Set/IDRiD_082.jpg,IDRiD_082,test,idrid,3203,1561,2015,1681
C. Localization/C. Localization/1. Original Images/a. Training Set/IDRiD_083.jpg,IDRiD_083,train,idrid,925,1569,2304,1850
C. Localization/C. Localization/1. Original Images/b. Testing Set/IDRiD_083.jpg,IDRiD_083,test,idrid,2780,1453,1532,1456
C. Localization/C. Localization/1. Original Images/a. Training Set/IDRiD_084.jpg,IDRiD_084,train,idrid,1217,1355,2390,1546
C. Localization/C. Localization/1. Original Images/b. Testing Set/IDRiD_084.jpg,IDRiD_084,test,idrid,1067,1366,2293,1505
C. Localization/C. Localization/1. Original Images/a. Training Set/IDRiD_085.jpg,IDRiD_085,train,idrid,3308,1479,2090,1569
C. Localization/C. Localization/1. Original Images/b. Testing Set/IDRiD_085.jpg,IDRiD_085,test,idrid,3079,1610,1884,1606
C. Localization/C. Localization/1. Original Images/a. Training Set/IDRiD_086.jpg,IDRiD_086,train,idrid,921,1239,2154,1483
C. Localization/C. Localization/1. Original Images/b. Testing Set/IDRiD_086.jpg,IDRiD_086,test,idrid,685,1149,1918,1411
C. Localization/C. Localization/1. Original Images/a. Training Set/IDRiD_087.jpg,IDRiD_087,train,idrid,2855,1408,1596,1449
C. Localization/C. Localization/1. Original Images/b. Testing Set/IDRiD_087.jpg,IDRiD_087,test,idrid,3020,1261,1903,1325
C. Localization/C. Localization/1. Original Images/a. Training Set/IDRiD_088.jpg,IDRiD_088,train,idrid,1247,1168,2547,1295
C. Localization/C. Localization/1. Original Images/b. Testing Set/IDRiD_088.jpg,IDRiD_088,test,idrid,2903,1588,1562,1546
C. Localization/C. Localization/1. Original Images/a. Training Set/IDRiD_089.jpg,IDRiD_089,train,idrid,479,1175,1978,1291
C. Localization/C. Localization/1. Original Images/b. Testing Set/IDRiD_089.jpg,IDRiD_089,test,idrid,1120,1303,2420,1580
C. Localization/C. Localization/1. Original Images/a. Training Set/IDRiD_090.jpg,IDRiD_090,train,idrid,2858,1453,1551,1591
C. Localization/C. Localization/1. Original Images/b. Testing Set/IDRiD_090.jpg,IDRiD_090,test,idrid,1120,1299,2435,1580
C. Localization/C. Localization/1. Original Images/a. Training Set/IDRiD_091.jpg,IDRiD_091,train,idrid,2896,1456,1622,1565
C. Localization/C. Localization/1. Original Images/b. Testing Set/IDRiD_091.jpg,IDRiD_091,test,idrid,3169,1299,1712,1468
C. Localization/C. Localization/1. Original Images/a. Training Set/IDRiD_092.jpg,IDRiD_092,train,idrid,801,1366,2113,1483
C. Localization/C. Localization/1. Original Images/b. Testing Set/IDRiD_092.jpg,IDRiD_092,test,idrid,786,1438,2083,1614
C. Localization/C. Localization/1. Original Images/a. Training Set/IDRiD_093.jpg,IDRiD_093,train,idrid,794,1276,1989,1426
C. Localization/C. Localization/1. Original Images/b. Testing Set/IDRiD_093.jpg,IDRiD_093,test,idrid,726,1404,1914,1632
C. Localization/C. Localization/1. Original Images/a. Training Set/IDRiD_094.jpg,IDRiD_094,train,idrid,3372,1348,2236,1378
C. Localization/C. Localization/1. Original Images/b. Testing Set/IDRiD_094.jpg,IDRiD_094,test,idrid,835,1434,2105,1670
C. Localization/C. Localization/1. Original Images/a. Training Set/IDRiD_095.jpg,IDRiD_095,train,idrid,3477,1411,2296,1670
C. Localization/C. Localization/1. Original Images/b. Testing Set/IDRiD_095.jpg,IDRiD_095,test,idrid,3042,1884,1858,1902
C. Localization/C. Localization/1. Original Images/a. Training Set/IDRiD_096.jpg,IDRiD_096,train,idrid,801,1411,2221,1543
C. Localization/C. Localization/1. Original Images/b. Testing Set/IDRiD_096.jpg,IDRiD_096,test,idrid,794,1284,2146,1554
C. Localization/C. Localization/1. Original Images/a. Training Set/IDRiD_097.jpg,IDRiD_097,train,idrid,640,1228,2015,1460
C. Localization/C. Localization/1. Original Images/b. Testing Set/IDRiD_097.jpg,IDRiD_097,test,idrid,3188,1520,1918,1558
C. Localization/C. Localization/1. Original Images/a. Training Set/IDRiD_098.jpg,IDRiD_098,train,idrid,850,1145,2139,1378
C. Localization/C. Localization/1. Original Images/b. Testing Set/IDRiD_098.jpg,IDRiD_098,test,idrid,857,1385,2071,1640
C. Localization/C. Localization/1. Original Images/a. Training Set/IDRiD_099.jpg,IDRiD_099,train,idrid,3064,1558,1847,1520
C. Localization/C. Localization/1. Original Images/b. Testing Set/IDRiD_099.jpg,IDRiD_099,test,idrid,1116,1321,2495,1464
C. Localization/C. Localization/1. Original Images/a. Training Set/IDRiD_100.jpg,IDRiD_100,train,idrid,3053,1573,1734,1692
C. Localization/C. Localization/1. Original Images/b. Testing Set/IDRiD_100.jpg,IDRiD_100,test,idrid,913,1276,2180,1531
C. Localization/C. Localization/1. Original Images/a. Training Set/IDRiD_101.jpg,IDRiD_101,train,idrid,2817,1363,1554,1434
C. Localization/C. Localization/1. Original Images/b. Testing Set/IDRiD_101.jpg,IDRiD_101,test,idrid,2900,1696,1674,1846
C. Localization/C. Localization/1. Original Images/a. Training Set/IDRiD_102.jpg,IDRiD_102,train,idrid,3252,1404,1955,1464
C. Localization/C. Localization/1. Original Images/b. Testing Set/IDRiD_102.jpg,IDRiD_102,test,idrid,992,1520,2356,1745
C. Localization/C. Localization/1. Original Images/a. Training Set/IDRiD_103.jpg,IDRiD_103,train,idrid,3113,1067,1667,1160
C. Localization/C. Localization/1. Original Images/b. Testing Set/IDRiD_103.jpg,IDRiD_103,test,idrid,2806,1640,1562,1715
C. Localization/C. Localization/1. Original Images/a. Training Set/IDRiD_104.jpg,IDRiD_104,train,idrid,1187,1520,2465,1809
C. Localization/C. Localization/1. Original Images/a. Training Set/IDRiD_105.jpg,IDRiD_105,train,idrid,2986,1363,1723,1359
C. Localization/C. Localization/1. Original Images/a. Training Set/IDRiD_106.jpg,IDRiD_106,train,idrid,943,1288,2300,1445
C. Localization/C. Localization/1. Original Images/a. Training Set/IDRiD_107.jpg,IDRiD_107,train,idrid,3151,1741,1839,1790
C. Localization/C. Localization/1. Original Images/a. Training Set/IDRiD_108.jpg,IDRiD_108,train,idrid,1003,1430,2293,1584
C. Localization/C. Localization/1. Original Images/a. Training Set/IDRiD_109.jpg,IDRiD_109,train,idrid,910,1288,2203,1516
C. Localization/C. Localization/1. Original Images/a. Training Set/IDRiD_110.jpg,IDRiD_110,train,idrid,3222,1535,1989,1588
C. Localization/C. Localization/1. Original Images/a. Training Set/IDRiD_111.jpg,IDRiD_111,train,idrid,756,1385,2180,1576
C. Localization/C. Localization/1. Original Images/a. Training Set/IDRiD_112.jpg,IDRiD_112,train,idrid,3271,1168,1963,1299
C. Localization/C. Localization/1. Original Images/a. Training Set/IDRiD_113.jpg,IDRiD_113,train,idrid,692,1359,2026,1543
C. Localization/C. Localization/1. Original Images/a. Training Set/IDRiD_114.jpg,IDRiD_114,train,idrid,1183,1258,2420,1524
C. Localization/C. Localization/1. Original Images/a. Training Set/IDRiD_115.jpg,IDRiD_115,train,idrid,835,1284,2184,1498
C. Localization/C. Localization/1. Original Images/a. Training Set/IDRiD_116.jpg,IDRiD_116,train,idrid,2888,1419,1532,1550
C. Localization/C. Localization/1. Original Images/a. Training Set/IDRiD_117.jpg,IDRiD_117,train,idrid,955,1426,2349,1689
C. Localization/C. Localization/1. Original Images/a. Training Set/IDRiD_118.jpg,IDRiD_118,train,idrid,2746,1348,1483,1576
C. Localization/C. Localization/1. Original Images/a. Training Set/IDRiD_119.jpg,IDRiD_119,train,idrid,3001,1415,1798,1475
C. Localization/C. Localization/1. Original Images/a. Training Set/IDRiD_120.jpg,IDRiD_120,train,idrid,2840,1617,1513,1520
C. Localization/C. Localization/1. Original Images/a. Training Set/IDRiD_121.jpg,IDRiD_121,train,idrid,865,1187,2315,1325
C. Localization/C. Localization/1. Original Images/a. Training Set/IDRiD_122.jpg,IDRiD_122,train,idrid,898,1411,2199,1647
C. Localization/C. Localization/1. Original Images/a. Training Set/IDRiD_123.jpg,IDRiD_123,train,idrid,891,1217,2244,1378
C. Localization/C. Localization/1. Original Images/a. Training Set/IDRiD_124.jpg,IDRiD_124,train,idrid,3117,1584,1738,1857
C. Localization/C. Localization/1. Original Images/a. Training Set/IDRiD_125.jpg,IDRiD_125,train,idrid,3428,1670,2158,1726
C. Localization/C. Localization/1. Original Images/a. Training Set/IDRiD_126.jpg,IDRiD_126,train,idrid,513,1400,1697,1389
C. Localization/C. Localization/1. Original Images/a. Training Set/IDRiD_127.jpg,IDRiD_127,train,idrid,1198,1374,2652,1588
C. Localization/C. Localization/1. Original Images/a. Training Set/IDRiD_128.jpg,IDRiD_128,train,idrid,2858,1543,1532,1539
C. Localization/C. Localization/1. Original Images/a. Training Set/IDRiD_129.jpg,IDRiD_129,train,idrid,2708,1381,1513,1584
C. Localization/C. Localization/1. Original Images/a. Training Set/IDRiD_130.jpg,IDRiD_130,train,idrid,737,1261,1940,1554
C. Localization/C. Localization/1. Original Images/a. Training Set/IDRiD_131.jpg,IDRiD_131,train,idrid,846,1599,2135,1719
C. Localization/C. Localization/1. Original Images/a. Training Set/IDRiD_132.jpg,IDRiD_132,train,idrid,2933,1438,1521,1543
C. Localization/C. Localization/1. Original Images/a. Training Set/IDRiD_133.jpg,IDRiD_133,train,idrid,685,1160,1989,1321
C. Localization/C. Localization/1. Original Images/a. Training Set/IDRiD_134.jpg,IDRiD_134,train,idrid,614,1232,1802,1411
C. Localization/C. Localization/1. Original Images/a. Training Set/IDRiD_135.jpg,IDRiD_135,train,idrid,3068,1655,1824,1719
C. Localization/C. Localization/1. Original Images/a. Training Set/IDRiD_136.jpg,IDRiD_136,train,idrid,3023,1400,1678,1505
C. Localization/C. Localization/1. Original Images/a. Training Set/IDRiD_137.jpg,IDRiD_137,train,idrid,704,1250,2045,1366
C. Localization/C. Localization/1. Original Images/a. Training Set/IDRiD_138.jpg,IDRiD_138,train,idrid,2997,1752,1779,1644
C. Localization/C. Localization/1. Original Images/a. Training Set/IDRiD_139.jpg,IDRiD_139,train,idrid,940,1378,2319,1719
C. Localization/C. Localization/1. Original Images/a. Training Set/IDRiD_140.jpg,IDRiD_140,train,idrid,3057,1670,1667,1857
C. Localization/C. Localization/1. Original Images/a. Training Set/IDRiD_141.jpg,IDRiD_141,train,idrid,1206,1127,2540,1299
C. Localization/C. Localization/1. Original Images/a. Training Set/IDRiD_142.jpg,IDRiD_142,train,idrid,3274,1543,2094,1580
C. Localization/C. Localization/1. Original Images/a. Training Set/IDRiD_143.jpg,IDRiD_143,train,idrid,891,1089,2056,1217
C. Localization/C. Localization/1. Original Images/a. Training Set/IDRiD_144.jpg,IDRiD_144,train,idrid,981,1340,2367,1569
C. Localization/C. Localization/1. Original Images/a. Training Set/IDRiD_145.jpg,IDRiD_145,train,idrid,2828,1295,1517,1509
C. Localization/C. Localization/1. Original Images/a. Training Set/IDRiD_146.jpg,IDRiD_146,train,idrid,2990,1258,1914,1370
C. Localization/C. Localization/1. Original Images/a. Training Set/IDRiD_147.jpg,IDRiD_147,train,idrid,1056,1558,2146,1599
C. Localization/C. Localization/1. Original Images/a. Training Set/IDRiD_148.jpg,IDRiD_148,train,idrid,2930,1100,1948,1378
C. Localization/C. Localization/1. Original Images/a. Training Set/IDRiD_149.jpg,IDRiD_149,train,idrid,947,696,2026,999
C. Localization/C. Localization/1. Original Images/a. Training Set/IDRiD_150.jpg,IDRiD_150,train,idrid,3132,1340,1884,1336
C. Localization/C. Localization/1. Original Images/a. Training Set/IDRiD_151.jpg,IDRiD_151,train,idrid,681,1273,1865,1411
C. Localization/C. Localization/1. Original Images/a. Training Set/IDRiD_152.jpg,IDRiD_152,train,idrid,3035,1599,1727,1741
C. Localization/C. Localization/1. Original Images/a. Training Set/IDRiD_153.jpg,IDRiD_153,train,idrid,3064,1756,1715,1985
C. Localization/C. Localization/1. Original Images/a. Training Set/IDRiD_154.jpg,IDRiD_154,train,idrid,745,1490,2101,1737
C. Localization/C. Localization/1. Original Images/a. Training Set/IDRiD_155.jpg,IDRiD_155,train,idrid,775,898,1873,1224
C. Localization/C. Localization/1. Original Images/a. Training Set/IDRiD_156.jpg,IDRiD_156,train,idrid,981,1475,2360,1561
C. Localization/C. Localization/1. Original Images/a. Training Set/IDRiD_157.jpg,IDRiD_157,train,idrid,2907,1273,1625,1456
C. Localization/C. Localization/1. Original Images/a. Training Set/IDRiD_158.jpg,IDRiD_158,train,idrid,3124,1539,1757,1659
C. Localization/C. Localization/1. Original Images/a. Training Set/IDRiD_159.jpg,IDRiD_159,train,idrid,3244,1340,1772,1535
C. Localization/C. Localization/1. Original Images/a. Training Set/IDRiD_160.jpg,IDRiD_160,train,idrid,2761,1546,1502,1779
C. Localization/C. Localization/1. Original Images/a. Training Set/IDRiD_161.jpg,IDRiD_161,train,idrid,2967,1617,1517,1509
C. Localization/C. Localization/1. Original Images/a. Training Set/IDRiD_162.jpg,IDRiD_162,train,idrid,1015,1550,2334,1647
C. Localization/C. Localization/1. Original Images/a. Training Set/IDRiD_163.jpg,IDRiD_163,train,idrid,797,1812,2053,2041
C. Localization/C. Localization/1. Original Images/a. Training Set/IDRiD_164.jpg,IDRiD_164,train,idrid,2960,1306,1843,1505
C. Localization/C. Localization/1. Original Images/a. Training Set/IDRiD_165.jpg,IDRiD_165,train,idrid,726,1569,1787,1790
C. Localization/C. Localization/1. Original Images/a. Training Set/IDRiD_166.jpg,IDRiD_166,train,idrid,1063,1168,2364,1329
C. Localization/C. Localization/1. Original Images/a. Training Set/IDRiD_167.jpg,IDRiD_167,train,idrid,3443,1696,2158,1662
C. Localization/C. Localization/1. Original Images/a. Training Set/IDRiD_168.jpg,IDRiD_168,train,idrid,599,969,1880,1265
C. Localization/C. Localization/1. Original Images/a. Training Set/IDRiD_169.jpg,IDRiD_169,train,idrid,2918,1550,1434,1655
C. Localization/C. Localization/1. Original Images/a. Training Set/IDRiD_170.jpg,IDRiD_170,train,idrid,711,1707,2086,1659
C. Localization/C. Localization/1. Original Images/a. Training Set/IDRiD_171.jpg,IDRiD_171,train,idrid,3102,1617,1824,1973
C. Localization/C. Localization/1. Original Images/a. Training Set/IDRiD_172.jpg,IDRiD_172,train,idrid,3016,1445,1618,1490
C. Localization/C. Localization/1. Original Images/a. Training Set/IDRiD_173.jpg,IDRiD_173,train,idrid,2832,1363,1652,1505
C. Localization/C. Localization/1. Original Images/a. Training Set/IDRiD_174.jpg,IDRiD_174,train,idrid,940,1468,2169,1692
C. Localization/C. Localization/1. Original Images/a. Training Set/IDRiD_175.jpg,IDRiD_175,train,idrid,3218,1284,2049,1408
C. Localization/C. Localization/1. Original Images/a. Training Set/IDRiD_176.jpg,IDRiD_176,train,idrid,1075,1558,2360,1655
C. Localization/C. Localization/1. Original Images/a. Training Set/IDRiD_177.jpg,IDRiD_177,train,idrid,2982,1730,1592,1842
C. Localization/C. Localization/1. Original Images/a. Training Set/IDRiD_178.jpg,IDRiD_178,train,idrid,2787,1449,1524,1509
C. Localization/C. Localization/1. Original Images/a. Training Set/IDRiD_179.jpg,IDRiD_179,train,idrid,1026,1389,2386,1554
C. Localization/C. Localization/1. Original Images/a. Training Set/IDRiD_180.jpg,IDRiD_180,train,idrid,1464,1194,2705,1374
C. Localization/C. Localization/1. Original Images/a. Training Set/IDRiD_181.jpg,IDRiD_181,train,idrid,711,954,1937,1142
C. Localization/C. Localization/1. Original Images/a. Training Set/IDRiD_182.jpg,IDRiD_182,train,idrid,2795,1284,1532,1539
C. Localization/C. Localization/1. Original Images/a. Training Set/IDRiD_183.jpg,IDRiD_183,train,idrid,1075,1299,2401,1479
C. Localization/C. Localization/1. Original Images/a. Training Set/IDRiD_184.jpg,IDRiD_184,train,idrid,2945,1408,1551,1550
C. Localization/C. Localization/1. Original Images/a. Training Set/IDRiD_185.jpg,IDRiD_185,train,idrid,2997,1865,1745,1959
C. Localization/C. Localization/1. Original Images/a. Training Set/IDRiD_186.jpg,IDRiD_186,train,idrid,1007,1483,2244,1685
C. Localization/C. Localization/1. Original Images/a. Training Set/IDRiD_187.jpg,IDRiD_187,train,idrid,3424,1501,2240,1486
C. Localization/C. Localization/1. Original Images/a. Training Set/IDRiD_188.jpg,IDRiD_188,train,idrid,2840,1531,1506,1516
C. Localization/C. Localization/1. Original Images/a. Training Set/IDRiD_189.jpg,IDRiD_189,train,idrid,2993,1932,1734,1955
C. Localization/C. Localization/1. Original Images/a. Training Set/IDRiD_190.jpg,IDRiD_190,train,idrid,1108,1423,2386,1543
C. Localization/C. Localization/1. Original Images/a. Training Set/IDRiD_191.jpg,IDRiD_191,train,idrid,2918,1333,1521,1509
C. Localization/C. Localization/1. Original Images/a. Training Set/IDRiD_192.jpg,IDRiD_192,train,idrid,951,1408,2367,1576
C. Localization/C. Localization/1. Original Images/a. Training Set/IDRiD_193.jpg,IDRiD_193,train,idrid,2933,1411,1614,1464
C. Localization/C. Localization/1. Original Images/a. Training Set/IDRiD_194.jpg,IDRiD_194,train,idrid,2840,1273,1536,1531
C. Localization/C. Localization/1. Original Images/a. Training Set/IDRiD_195.jpg,IDRiD_195,train,idrid,2802,1153,1554,1550
C. Localization/C. Localization/1. Original Images/a. Training Set/IDRiD_196.jpg,IDRiD_196,train,idrid,2855,1374,1554,1554
C. Localization/C. Localization/1. Original Images/a. Training Set/IDRiD_197.jpg,IDRiD_197,train,idrid,1022,1434,2364,1561
C. Localization/C. Localization/1. Original Images/a. Training Set/IDRiD_198.jpg,IDRiD_198,train,idrid,2798,1411,1479,1513
C. Localization/C. Localization/1. Original Images/a. Training Set/IDRiD_199.jpg,IDRiD_199,train,idrid,1082,1378,2401,1558
C. Localization/C. Localization/1. Original Images/a. Training Set/IDRiD_200.jpg,IDRiD_200,train,idrid,1161,1370,2427,1606
C. Localization/C. Localization/1. Original Images/a. Training Set/IDRiD_201.jpg,IDRiD_201,train,idrid,2783,1333,1528,1520
C. Localization/C. Localization/1. Original Images/a. Training Set/IDRiD_202.jpg,IDRiD_202,train,idrid,2877,1348,1581,1561
C. Localization/C. Localization/1. Original Images/a. Training Set/IDRiD_203.jpg,IDRiD_203,train,idrid,2873,1434,1502,1543
C. Localization/C. Localization/1. Original Images/a. Training Set/IDRiD_204.jpg,IDRiD_204,train,idrid,1093,1348,2427,1543
C. Localization/C. Localization/1. Original Images/a. Training Set/IDRiD_205.jpg,IDRiD_205,train,idrid,2810,1284,1569,1531
C. Localization/C. Localization/1. Original Images/a. Training Set/IDRiD_206.jpg,IDRiD_206,train,idrid,1284,1333,2521,1711
C. Localization/C. Localization/1. Original Images/a. Training Set/IDRiD_207.jpg,IDRiD_207,train,idrid,3064,1498,1757,1539
C. Localization/C. Localization/1. Original Images/a. Training Set/IDRiD_208.jpg,IDRiD_208,train,idrid,1056,1438,2454,1584
C. Localization/C. Localization/1. Original Images/a. Training Set/IDRiD_209.jpg,IDRiD_209,train,idrid,651,1261,2008,1426
C. Localization/C. Localization/1. Original Images/a. Training Set/IDRiD_210.jpg,IDRiD_210,train,idrid,2952,1243,1558,1531
C. Localization/C. Localization/1. Original Images/a. Training Set/IDRiD_211.jpg,IDRiD_211,train,idrid,921,1310,2394,1554
C. Localization/C. Localization/1. Original Images/a. Training Set/IDRiD_212.jpg,IDRiD_212,train,idrid,2881,1419,1521,1558
C. Localization/C. Localization/1. Original Images/a. Training Set/IDRiD_213.jpg,IDRiD_213,train,idrid,2836,1464,1558,1516
C. Localization/C. Localization/1. Original Images/a. Training Set/IDRiD_214.jpg,IDRiD_214,train,idrid,786,1258,2011,1441
C. Localization/C. Localization/1. Original Images/a. Training Set/IDRiD_215.jpg,IDRiD_215,train,idrid,2828,1411,1592,1629
C. Localization/C. Localization/1. Original Images/a. Training Set/IDRiD_216.jpg,IDRiD_216,train,idrid,722,935,2019,1097
C. Localization/C. Localization/1. Original Images/a. Training Set/IDRiD_217.jpg,IDRiD_217,train,idrid,2896,1400,1517,1509
C. Localization/C. Localization/1. Original Images/a. Training Set/IDRiD_218.jpg,IDRiD_218,train,idrid,2712,1453,1581,1528
C. Localization/C. Localization/1. Original Images/a. Training Set/IDRiD_219.jpg,IDRiD_219,train,idrid,1314,1441,2420,1558
C. Localization/C. Localization/1. Original Images/a. Training Set/IDRiD_220.jpg,IDRiD_220,train,idrid,1007,1535,2450,1584
C. Localization/C. Localization/1. Original Images/a. Training Set/IDRiD_221.jpg,IDRiD_221,train,idrid,2806,1404,1517,1509
C. Localization/C. Localization/1. Original Images/a. Training Set/IDRiD_222.jpg,IDRiD_222,train,idrid,1067,1374,2409,1573
C. Localization/C. Localization/1. Original Images/a. Training Set/IDRiD_223.jpg,IDRiD_223,train,idrid,3087,1651,1858,1640
C. Localization/C. Localization/1. Original Images/a. Training Set/IDRiD_224.jpg,IDRiD_224,train,idrid,524,984,2000,1175
C. Localization/C. Localization/1. Original Images/a. Training Set/IDRiD_225.jpg,IDRiD_225,train,idrid,1138,1381,2412,1539
C. Localization/C. Localization/1. Original Images/a. Training Set/IDRiD_226.jpg,IDRiD_226,train,idrid,1097,1220,2435,1483
C. Localization/C. Localization/1. Original Images/a. Training Set/IDRiD_227.jpg,IDRiD_227,train,idrid,2727,1426,1438,1456
C. Localization/C. Localization/1. Original Images/a. Training Set/IDRiD_228.jpg,IDRiD_228,train,idrid,1138,1276,2409,1520
C. Localization/C. Localization/1. Original Images/a. Training Set/IDRiD_229.jpg,IDRiD_229,train,idrid,1108,1321,2439,1513
C. Localization/C. Localization/1. Original Images/a. Training Set/IDRiD_230.jpg,IDRiD_230,train,idrid,985,1344,2431,1535
C. Localization/C. Localization/1. Original Images/a. Training Set/IDRiD_231.jpg,IDRiD_231,train,idrid,2832,1404,1566,1561
C. Localization/C. Localization/1. Original Images/a. Training Set/IDRiD_232.jpg,IDRiD_232,train,idrid,1056,1288,2371,1524
C. Localization/C. Localization/1. Original Images/a. Training Set/IDRiD_233.jpg,IDRiD_233,train,idrid,1165,1486,2424,1576
C. Localization/C. Localization/1. Original Images/a. Training Set/IDRiD_234.jpg,IDRiD_234,train,idrid,767,1408,2150,1573
C. Localization/C. Localization/1. Original Images/a. Training Set/IDRiD_235.jpg,IDRiD_235,train,idrid,2892,1415,1596,1486
C. Localization/C. Localization/1. Original Images/a. Training Set/IDRiD_236.jpg,IDRiD_236,train,idrid,2903,1554,1521,1584
C. Localization/C. Localization/1. Original Images/a. Training Set/IDRiD_237.jpg,IDRiD_237,train,idrid,1322,1202,2776,1318
C. Localization/C. Localization/1. Original Images/a. Training Set/IDRiD_238.jpg,IDRiD_238,train,idrid,1026,1299,2397,1539
C. Localization/C. Localization/1. Original Images/a. Training Set/IDRiD_239.jpg,IDRiD_239,train,idrid,2870,1453,1652,1610
C. Localization/C. Localization/1. Original Images/a. Training Set/IDRiD_240.jpg,IDRiD_240,train,idrid,1120,1558,2439,1558
C. Localization/C. Localization/1. Original Images/a. Training Set/IDRiD_241.jpg,IDRiD_241,train,idrid,1071,1389,2352,1494
C. Localization/C. Localization/1. Original Images/a. Training Set/IDRiD_242.jpg,IDRiD_242,train,idrid,2971,1381,1506,1513
C. Localization/C. Localization/1. Original Images/a. Training Set/IDRiD_243.jpg,IDRiD_243,train,idrid,1090,1449,2405,1543
C. Localization/C. Localization/1. Original Images/a. Training Set/IDRiD_244.jpg,IDRiD_244,train,idrid,1157,1187,2435,1475
C. Localization/C. Localization/1. Original Images/a. Training Set/IDRiD_245.jpg,IDRiD_245,train,idrid,2761,1535,1494,1543
C. Localization/C. Localization/1. Original Images/a. Training Set/IDRiD_246.jpg,IDRiD_246,train,idrid,846,1426,2086,1674
C. Localization/C. Localization/1. Original Images/a. Training Set/IDRiD_247.jpg,IDRiD_247,train,idrid,2735,1438,1524,1561
C. Localization/C. Localization/1. Original Images/a. Training Set/IDRiD_248.jpg,IDRiD_248,train,idrid,1225,1336,2409,1576
C. Localization/C. Localization/1. Original Images/a. Training Set/IDRiD_249.jpg,IDRiD_249,train,idrid,2915,1460,1539,1528
C. Localization/C. Localization/1. Original Images/a. Training Set/IDRiD_250.jpg,IDRiD_250,train,idrid,1082,1273,2412,1524
C. Localization/C. Localization/1. Original Images/a. Training Set/IDRiD_251.jpg,IDRiD_251,train,idrid,1183,1456,2412,1565
C. Localization/C. Localization/1. Original Images/a. Training Set/IDRiD_252.jpg,IDRiD_252,train,idrid,2813,1494,1577,1543
C. Localization/C. Localization/1. Original Images/a. Training Set/IDRiD_253.jpg,IDRiD_253,train,idrid,2510,1355,1547,1569
C. Localization/C. Localization/1. Original Images/a. Training Set/IDRiD_254.jpg,IDRiD_254,train,idrid,3244,1419,2109,1543
C. Localization/C. Localization/1. Original Images/a. Training Set/IDRiD_255.jpg,IDRiD_255,train,idrid,981,1318,2349,1516
C. Localization/C. Localization/1. Original Images/a. Training Set/IDRiD_256.jpg,IDRiD_256,train,idrid,670,812,1955,992
C. Localization/C. Localization/1. Original Images/a. Training Set/IDRiD_257.jpg,IDRiD_257,train,idrid,3117,1516,1910,1647
C. Localization/C. Localization/1. Original Images/a. Training Set/IDRiD_258.jpg,IDRiD_258,train,idrid,1142,1318,2386,1539
C. Localization/C. Localization/1. Original Images/a. Training Set/IDRiD_259.jpg,IDRiD_259,train,idrid,2873,1321,1536,1505
C. Localization/C. Localization/1. Original Images/a. Training Set/IDRiD_260.jpg,IDRiD_260,train,idrid,3346,1306,2165,1366
C. Localization/C. Localization/1. Original Images/a. Training Set/IDRiD_261.jpg,IDRiD_261,train,idrid,1202,1468,2442,1576
C. Localization/C. Localization/1. Original Images/a. Training Set/IDRiD_262.jpg,IDRiD_262,train,idrid,2896,1471,1569,1569
C. Localization/C. Localization/1. Original Images/a. Training Set/IDRiD_263.jpg,IDRiD_263,train,idrid,1078,1408,2382,1535
C. Localization/C. Localization/1. Original Images/a. Training Set/IDRiD_264.jpg,IDRiD_264,train,idrid,1015,1438,2341,1621
C. Localization/C. Localization/1. Original Images/a. Training Set/IDRiD_265.jpg,IDRiD_265,train,idrid,2813,1456,1521,1584
C. Localization/C. Localization/1. Original Images/a. Training Set/IDRiD_266.jpg,IDRiD_266,train,idrid,1090,1453,2431,1580
C. Localization/C. Localization/1. Original Images/a. Training Set/IDRiD_267.jpg,IDRiD_267,train,idrid,1165,1475,2390,1561
C. Localization/C. Localization/1. Original Images/a. Training Set/IDRiD_268.jpg,IDRiD_268,train,idrid,1225,1265,2375,1505
C. Localization/C. Localization/1. Original Images/a. Training Set/IDRiD_269.jpg,IDRiD_269,train,idrid,2855,1423,1502,1516
C. Localization/C. Localization/1. Original Images/a. Training Set/IDRiD_270.jpg,IDRiD_270,train,idrid,1112,1411,2454,1546
C. Localization/C. Localization/1. Original Images/a. Training Set/IDRiD_271.jpg,IDRiD_271,train,idrid,2911,1434,1581,1524
C. Localization/C. Localization/1. Original Images/a. Training Set/IDRiD_272.jpg,IDRiD_272,train,idrid,1101,1498,2454,1610
C. Localization/C. Localization/1. Original Images/a. Training Set/IDRiD_273.jpg,IDRiD_273,train,idrid,2825,1318,1494,1546
C. Localization/C. Localization/1. Original Images/a. Training Set/IDRiD_274.jpg,IDRiD_274,train,idrid,2727,1115,1408,1299
C. Localization/C. Localization/1. Original Images/a. Training Set/IDRiD_275.jpg,IDRiD_275,train,idrid,2682,1498,1558,1569
C. Localization/C. Localization/1. Original Images/a. Training Set/IDRiD_276.jpg,IDRiD_276,train,idrid,2776,1479,1513,1501
C. Localization/C. Localization/1. Original Images/a. Training Set/IDRiD_277.jpg,IDRiD_277,train,idrid,2892,1366,1588,1528
C. Localization/C. Localization/1. Original Images/a. Training Set/IDRiD_278.jpg,IDRiD_278,train,idrid,1086,1318,2394,1543
C. Localization/C. Localization/1. Original Images/a. Training Set/IDRiD_279.jpg,IDRiD_279,train,idrid,700,1198,2000,1411
C. Localization/C. Localization/1. Original Images/a. Training Set/IDRiD_280.jpg,IDRiD_280,train,idrid,2915,1516,1539,1554
C. Localization/C. Localization/1. Original Images/a. Training Set/IDRiD_281.jpg,IDRiD_281,train,idrid,1022,1363,2397,1617
C. Localization/C. Localization/1. Original Images/a. Training Set/IDRiD_282.jpg,IDRiD_282,train,idrid,1090,1254,2412,1580
C. Localization/C. Localization/1. Original Images/a. Training Set/IDRiD_283.jpg,IDRiD_283,train,idrid,2840,1183,1506,1509
C. Localization/C. Localization/1. Original Images/a. Training Set/IDRiD_284.jpg,IDRiD_284,train,idrid,1037,1498,2446,1464
C. Localization/C. Localization/1. Original Images/a. Training Set/IDRiD_285.jpg,IDRiD_285,train,idrid,2911,1528,1562,1531
C. Localization/C. Localization/1. Original Images/a. Training Set/IDRiD_286.jpg,IDRiD_286,train,idrid,1041,1408,2416,1599
C. Localization/C. Localization/1. Original Images/a. Training Set/IDRiD_287.jpg,IDRiD_287,train,idrid,2783,1400,1517,1546
C. Localization/C. Localization/1. Original Images/a. Training Set/IDRiD_288.jpg,IDRiD_288,train,idrid,1135,1213,2405,1554
C. Localization/C. Localization/1. Original Images/a. Training Set/IDRiD_289.jpg,IDRiD_289,train,idrid,2484,2146,1266,2101
C. Localization/C. Localization/1. Original Images/a. Training Set/IDRiD_290.jpg,IDRiD_290,train,idrid,2926,1430,1513,1550
C. Localization/C. Localization/1. Original Images/a. Training Set/IDRiD_291.jpg,IDRiD_291,train,idrid,955,1453,2371,1513
C. Localization/C. Localization/1. Original Images/a. Training Set/IDRiD_292.jpg,IDRiD_292,train,idrid,2810,1355,1596,1531
C. Localization/C. Localization/1. Original Images/a. Training Set/IDRiD_293.jpg,IDRiD_293,train,idrid,2843,1239,1558,1535
C. Localization/C. Localization/1. Original Images/a. Training Set/IDRiD_294.jpg,IDRiD_294,train,idrid,1108,1336,2405,1516
C. Localization/C. Localization/1. Original Images/a. Training Set/IDRiD_295.jpg,IDRiD_295,train,idrid,1090,1524,2379,1531
C. Localization/C. Localization/1. Original Images/a. Training Set/IDRiD_296.jpg,IDRiD_296,train,idrid,655,1119,1903,1261
C. Localization/C. Localization/1. Original Images/a. Training Set/IDRiD_297.jpg,IDRiD_297,train,idrid,1202,1321,2442,1558
C. Localization/C. Localization/1. Original Images/a. Training Set/IDRiD_298.jpg,IDRiD_298,train,idrid,846,1824,2248,2011
C. Localization/C. Localization/1. Original Images/a. Training Set/IDRiD_299.jpg,IDRiD_299,train,idrid,1007,1348,2386,1584
C. Localization/C. Localization/1. Original Images/a. Training Set/IDRiD_300.jpg,IDRiD_300,train,idrid,2795,1531,1551,1584
C. Localization/C. Localization/1. Original Images/a. Training Set/IDRiD_301.jpg,IDRiD_301,train,idrid,2870,1486,1554,1513
C. Localization/C. Localization/1. Original Images/a. Training Set/IDRiD_302.jpg,IDRiD_302,train,idrid,1097,1385,2412,1580
C. Localization/C. Localization/1. Original Images/a. Training Set/IDRiD_303.jpg,IDRiD_303,train,idrid,2900,1333,1614,1411
C. Localization/C. Localization/1. Original Images/a. Training Set/IDRiD_304.jpg,IDRiD_304,train,idrid,1153,1280,2397,1535
C. Localization/C. Localization/1. Original Images/a. Training Set/IDRiD_305.jpg,IDRiD_305,train,idrid,2753,1464,1457,1546
C. Localization/C. Localization/1. Original Images/a. Training Set/IDRiD_306.jpg,IDRiD_306,train,idrid,2907,1498,1521,1543
C. Localization/C. Localization/1. Original Images/a. Training Set/IDRiD_307.jpg,IDRiD_307,train,idrid,2858,1501,1558,1509
C. Localization/C. Localization/1. Original Images/a. Training Set/IDRiD_308.jpg,IDRiD_308,train,idrid,2956,1655,1764,1666
C. Localization/C. Localization/1. Original Images/a. Training Set/IDRiD_309.jpg,IDRiD_309,train,idrid,902,1617,2135,1689
C. Localization/C. Localization/1. Original Images/a. Training Set/IDRiD_310.jpg,IDRiD_310,train,idrid,3038,1730,1603,1880
C. Localization/C. Localization/1. Original Images/a. Training Set/IDRiD_311.jpg,IDRiD_311,train,idrid,1045,1370,2427,1531
C. Localization/C. Localization/1. Original Images/a. Training Set/IDRiD_312.jpg,IDRiD_312,train,idrid,1191,1374,2412,1554
C. Localization/C. Localization/1. Original Images/a. Training Set/IDRiD_313.jpg,IDRiD_313,train,idrid,2941,1393,1532,1546
C. Localization/C. Localization/1. Original Images/a. Training Set/IDRiD_314.jpg,IDRiD_314,train,idrid,887,1276,2308,1535
C. Localization/C. Localization/1. Original Images/a. Training Set/IDRiD_315.jpg,IDRiD_315,train,idrid,2843,1486,1483,1505
C. Localization/C. Localization/1. Original Images/a. Training Set/IDRiD_316.jpg,IDRiD_316,train,idrid,2802,1258,1517,1516
C. Localization/C. Localization/1. Original Images/a. Training Set/IDRiD_317.jpg,IDRiD_317,train,idrid,1086,1426,2427,1524
C. Localization/C. Localization/1. Original Images/a. Training Set/IDRiD_318.jpg,IDRiD_318,train,idrid,1060,1314,2420,1539
C. Localization/C. Localization/1. Original Images/a. Training Set/IDRiD_319.jpg,IDRiD_319,train,idrid,3072,1449,1753,1659
C. Localization/C. Localization/1. Original Images/a. Training Set/IDRiD_320.jpg,IDRiD_320,train,idrid,891,1213,2221,1434
C. Localization/C. Localization/1. Original Images/a. Training Set/IDRiD_321.jpg,IDRiD_321,train,idrid,2997,1205,1637,1351
C. Localization/C. Localization/1. Original Images/a. Training Set/IDRiD_322.jpg,IDRiD_322,train,idrid,3237,1190,1813,1370
C. Localization/C. Localization/1. Original Images/a. Training Set/IDRiD_323.jpg,IDRiD_323,train,idrid,2806,1295,1547,1449
C. Localization/C. Localization/1. Original Images/a. Training Set/IDRiD_324.jpg,IDRiD_324,train,idrid,947,1138,2158,1269
C. Localization/C. Localization/1. Original Images/a. Training Set/IDRiD_325.jpg,IDRiD_325,train,idrid,850,1381,2195,1539
C. Localization/C. Localization/1. Original Images/a. Training Set/IDRiD_326.jpg,IDRiD_326,train,idrid,3173,1509,1877,1565
C. Localization/C. Localization/1. Original Images/a. Training Set/IDRiD_327.jpg,IDRiD_327,train,idrid,647,1310,2060,1441
C. Localization/C. Localization/1. Original Images/a. Training Set/IDRiD_328.jpg,IDRiD_328,train,idrid,1033,1535,2371,1689
C. Localization/C. Localization/1. Original Images/a. Training Set/IDRiD_329.jpg,IDRiD_329,train,idrid,940,1288,2180,1426
C. Localization/C. Localization/1. Original Images/a. Training Set/IDRiD_330.jpg,IDRiD_330,train,idrid,2930,1456,1693,1419
C. Localization/C. Localization/1. Original Images/a. Training Set/IDRiD_331.jpg,IDRiD_331,train,idrid,801,1276,2083,1464
C. Localization/C. Localization/1. Original Images/a. Training Set/IDRiD_332.jpg,IDRiD_332,train,idrid,3248,1333,2000,1423
C. Localization/C. Localization/1. Original Images/a. Training Set/IDRiD_333.jpg,IDRiD_333,train,idrid,767,1423,2056,1632
C. Localization/C. Localization/1. Original Images/a. Training Set/IDRiD_334.jpg,IDRiD_334,train,idrid,3417,1670,2146,1692
C. Localization/C. Localization/1. Original Images/a. Training Set/IDRiD_335.jpg,IDRiD_335,train,idrid,2933,1486,1577,1456
C. Localization/C. Localization/1. Original Images/a. Training Set/IDRiD_336.jpg,IDRiD_336,train,idrid,1026,1070,2345,1415
C. Localization/C. Localization/1. Original Images/a. Training Set/IDRiD_337.jpg,IDRiD_337,train,idrid,677,1471,1970,1573
C. Localization/C. Localization/1. Original Images/a. Training Set/IDRiD_338.jpg,IDRiD_338,train,idrid,2780,1565,1427,1741
C. Localization/C. Localization/1. Original Images/a. Training Set/IDRiD_339.jpg,IDRiD_339,train,idrid,797,1430,2116,1610
C. Localization/C. Localization/1. Original Images/a. Training Set/IDRiD_340.jpg,IDRiD_340,train,idrid,955,1509,2315,1662
C. Localization/C. Localization/1. Original Images/a. Training Set/IDRiD_341.jpg,IDRiD_341,train,idrid,3076,1333,1899,1426
C. Localization/C. Localization/1. Original Images/a. Training Set/IDRiD_342.jpg,IDRiD_342,train,idrid,2783,1569,1491,1599
C. Localization/C. Localization/1. Original Images/a. Training Set/IDRiD_343.jpg,IDRiD_343,train,idrid,606,1145,1948,1359
C. Localization/C. Localization/1. Original Images/a. Training Set/IDRiD_344.jpg,IDRiD_344,train,idrid,3259,1438,1966,1434
C. Localization/C. Localization/1. Original Images/a. Training Set/IDRiD_345.jpg,IDRiD_345,train,idrid,632,1104,1892,1348
C. Localization/C. Localization/1. Original Images/a. Training Set/IDRiD_346.jpg,IDRiD_346,train,idrid,3263,1153,1978,1460
C. Localization/C. Localization/1. Original Images/a. Training Set/IDRiD_347.jpg,IDRiD_347,train,idrid,1041,1295,2341,1546
C. Localization/C. Localization/1. Original Images/a. Training Set/IDRiD_348.jpg,IDRiD_348,train,idrid,681,1370,1933,1610
C. Localization/C. Localization/1. Original Images/a. Training Set/IDRiD_349.jpg,IDRiD_349,train,idrid,557,1040,1873,1378
C. Localization/C. Localization/1. Original Images/a. Training Set/IDRiD_350.jpg,IDRiD_350,train,idrid,3169,1719,1749,1707
C. Localization/C. Localization/1. Original Images/a. Training Set/IDRiD_351.jpg,IDRiD_351,train,idrid,1303,1381,2487,1509
C. Localization/C. Localization/1. Original Images/a. Training Set/IDRiD_352.jpg,IDRiD_352,train,idrid,2427,1243,1093,1198
C. Localization/C. Localization/1. Original Images/a. Training Set/IDRiD_353.jpg,IDRiD_353,train,idrid,943,1464,2248,1734
C. Localization/C. Localization/1. Original Images/a. Training Set/IDRiD_354.jpg,IDRiD_354,train,idrid,786,1254,2049,1430
C. Localization/C. Localization/1. Original Images/a. Training Set/IDRiD_355.jpg,IDRiD_355,train,idrid,670,1396,1918,1629
C. Localization/C. Localization/1. Original Images/a. Training Set/IDRiD_356.jpg,IDRiD_356,train,idrid,779,1460,2203,1460
C. Localization/C. Localization/1. Original Images/a. Training Set/IDRiD_357.jpg,IDRiD_357,train,idrid,3267,1340,2015,1471
C. Localization/C. Localization/1. Original Images/a. Training Set/IDRiD_358.jpg,IDRiD_358,train,idrid,3151,1441,1959,1430
C. Localization/C. Localization/1. Original Images/a. Training Set/IDRiD_359.jpg,IDRiD_359,train,idrid,1157,1374,2540,1677
C. Localization/C. Localization/1. Original Images/a. Training Set/IDRiD_360.jpg,IDRiD_360,train,idrid,3252,1224,1952,1374
C. Localization/C. Localization/1. Original Images/a. Training Set/IDRiD_361.jpg,IDRiD_361,train,idrid,1120,1157,2514,1220
C. Localization/C. Localization/1. Original Images/a. Training Set/IDRiD_362.jpg,IDRiD_362,train,idrid,2851,1441,1468,1629
C. Localization/C. Localization/1. Original Images/a. Training Set/IDRiD_363.jpg,IDRiD_363,train,idrid,2780,1314,1367,1243
C. Localization/C. Localization/1. Original Images/a. Training Set/IDRiD_364.jpg,IDRiD_364,train,idrid,614,1239,1877,1389
C. Localization/C. Localization/1. Original Images/a. Training Set/IDRiD_365.jpg,IDRiD_365,train,idrid,1015,1569,2334,1760
C. Localization/C. Localization/1. Original Images/a. Training Set/IDRiD_366.jpg,IDRiD_366,train,idrid,722,1284,1948,1535
C. Localization/C. Localization/1. Original Images/a. Training Set/IDRiD_367.jpg,IDRiD_367,train,idrid,1022,1378,2397,1543
C. Localization/C. Localization/1. Original Images/a. Training Set/IDRiD_368.jpg,IDRiD_368,train,idrid,2990,1055,1794,1247
C. Localization/C. Localization/1. Original Images/a. Training Set/IDRiD_369.jpg,IDRiD_369,train,idrid,670,1423,1970,1588
C. Localization/C. Localization/1. Original Images/a. Training Set/IDRiD_370.jpg,IDRiD_370,train,idrid,3203,1224,1974,1441
C. Localization/C. Localization/1. Original Images/a. Training Set/IDRiD_371.jpg,IDRiD_371,train,idrid,3098,1340,1802,1505
C. Localization/C. Localization/1. Original Images/a. Training Set/IDRiD_372.jpg,IDRiD_372,train,idrid,621,1441,1805,1569
C. Localization/C. Localization/1. Original Images/a. Training Set/IDRiD_373.jpg,IDRiD_373,train,idrid,2937,1359,1573,1558
C. Localization/C. Localization/1. Original Images/a. Training Set/IDRiD_374.jpg,IDRiD_374,train,idrid,3076,1456,1809,1464
C. Localization/C. Localization/1. Original Images/a. Training Set/IDRiD_375.jpg,IDRiD_375,train,idrid,891,1329,2173,1524
C. Localization/C. Localization/1. Original Images/a. Training Set/IDRiD_376.jpg,IDRiD_376,train,idrid,3199,1359,1742,1344
C. Localization/C. Localization/1. Original Images/a. Training Set/IDRiD_377.jpg,IDRiD_377,train,idrid,764,1082,2180,1408
C. Localization/C. Localization/1. Original Images/a. Training Set/IDRiD_378.jpg,IDRiD_378,train,idrid,2810,1303,1524,1423
C. Localization/C. Localization/1. Original Images/a. Training Set/IDRiD_379.jpg,IDRiD_379,train,idrid,3094,1591,1858,1603
C. Localization/C. Localization/1. Original Images/a. Training Set/IDRiD_380.jpg,IDRiD_380,train,idrid,722,1494,2041,1692
C. Localization/C. Localization/1. Original Images/a. Training Set/IDRiD_381.jpg,IDRiD_381,train,idrid,1112,1100,2461,1378
C. Localization/C. Localization/1. Original Images/a. Training Set/IDRiD_382.jpg,IDRiD_382,train,idrid,2918,1179,1581,1190
C. Localization/C. Localization/1. Original Images/a. Training Set/IDRiD_383.jpg,IDRiD_383,train,idrid,910,1520,2244,1636
C. Localization/C. Localization/1. Original Images/a. Training Set/IDRiD_384.jpg,IDRiD_384,train,idrid,3053,1745,1637,1839
C. Localization/C. Localization/1. Original Images/a. Training Set/IDRiD_385.jpg,IDRiD_385,train,idrid,3102,1363,1802,1531
C. Localization/C. Localization/1. Original Images/a. Training Set/IDRiD_386.jpg,IDRiD_386,train,idrid,1153,1187,2326,1385
C. Localization/C. Localization/1. Original Images/a. Training Set/IDRiD_387.jpg,IDRiD_387,train,idrid,1022,1445,2510,1423
C. Localization/C. Localization/1. Original Images/a. Training Set/IDRiD_388.jpg,IDRiD_388,train,idrid,3121,1531,1839,1737
C. Localization/C. Localization/1. Original Images/a. Training Set/IDRiD_389.jpg,IDRiD_389,train,idrid,756,1681,2098,1977
C. Localization/C. Localization/1. Original Images/a. Training Set/IDRiD_390.jpg,IDRiD_390,train,idrid,3113,1722,1715,1711
C. Localization/C. Localization/1. Original Images/a. Training Set/IDRiD_391.jpg,IDRiD_391,train,idrid,677,1149,1899,1340
C. Localization/C. Localization/1. Original Images/a. Training Set/IDRiD_392.jpg,IDRiD_392,train,idrid,831,1449,2180,1550
C. Localization/C. Localization/1. Original Images/a. Training Set/IDRiD_393.jpg,IDRiD_393,train,idrid,2892,2011,1629,2243
C. Localization/C. Localization/1. Original Images/a. Training Set/IDRiD_394.jpg,IDRiD_394,train,idrid,992,1426,2345,1516
C. Localization/C. Localization/1. Original Images/a. Training Set/IDRiD_395.jpg,IDRiD_395,train,idrid,2772,1378,1494,1539
C. Localization/C. Localization/1. Original Images/a. Training Set/IDRiD_396.jpg,IDRiD_396,train,idrid,1007,1381,2424,1588
C. Localization/C. Localization/1. Original Images/a. Training Set/IDRiD_397.jpg,IDRiD_397,train,idrid,2783,1441,1584,1520
C. Localization/C. Localization/1. Original Images/a. Training Set/IDRiD_398.jpg,IDRiD_398,train,idrid,741,1134,2135,1400
C. Localization/C. Localization/1. Original Images/a. Training Set/IDRiD_399.jpg,IDRiD_399,train,idrid,2907,1194,1596,1213
C. Localization/C. Localization/1. Original Images/a. Training Set/IDRiD_400.jpg,IDRiD_400,train,idrid,1033,1261,2360,1494
C. Localization/C. Localization/1. Original Images/a. Training Set/IDRiD_401.jpg,IDRiD_401,train,idrid,827,1239,2064,1483
C. Localization/C. Localization/1. Original Images/a. Training Set/IDRiD_402.jpg,IDRiD_402,train,idrid,726,1310,2090,1486
C. Localization/C. Localization/1. Original Images/a. Training Set/IDRiD_403.jpg,IDRiD_403,train,idrid,2690,1344,1318,1486
C. Localization/C. Localization/1. Original Images/a. Training Set/IDRiD_404.jpg,IDRiD_404,train,idrid,2858,1093,1476,1190
C. Localization/C. Localization/1. Original Images/a. Training Set/IDRiD_405.jpg,IDRiD_405,train,idrid,1108,1438,2484,1603
C. Localization/C. Localization/1. Original Images/a. Training Set/IDRiD_406.jpg,IDRiD_406,train,idrid,2926,1689,1491,1730
C. Localization/C. Localization/1. Original Images/a. Training Set/IDRiD_407.jpg,IDRiD_407,train,idrid,2892,1359,1569,1396
C. Localization/C. Localization/1. Original Images/a. Training Set/IDRiD_408.jpg,IDRiD_408,train,idrid,3267,1202,2011,1359
C. Localization/C. Localization/1. Original Images/a. Training Set/IDRiD_409.jpg,IDRiD_409,train,idrid,2900,1516,1536,1614
C. Localization/C. Localization/1. Original Images/a. Training Set/IDRiD_410.jpg,IDRiD_410,train,idrid,3035,1554,1903,1606
C. Localization/C. Localization/1. Original Images/a. Training Set/IDRiD_411.jpg,IDRiD_411,train,idrid,1105,1318,2412,1584
C. Localization/C. Localization/1. Original Images/a. Training Set/IDRiD_412.jpg,IDRiD_412,train,idrid,3203,1711,1996,1917
C. Localization/C. Localization/1. Original Images/a. Training Set/IDRiD_413.jpg,IDRiD_413,train,idrid,2903,1569,1663,1580
